[
  {
    "id": "93708bf0-7158-4bfa-bd3d-ce10fa22d756",
    "data": [
      {
        "text": "Create a brand-new order",
        "userDefined": false
      }
    ],
    "isTemplate": false,
    "count": 0,
    "lang": "en",
    "updated": 0
  },
  {
    "id": "fdc3975c-3fe0-41ae-bef0-938a7d812f21",
    "data": [
      {
        "text": "Generate a new order",
        "userDefined": false
      }
    ],
    "isTemplate": false,
    "count": 0,
    "lang": "en",
    "updated": 0
  },
  {
    "id": "98b58dfd-c3a3-40d4-8891-909c5f029bf3",
    "data": [
      {
        "text": "Place new order",
        "userDefined": false
      }
    ],
    "isTemplate": false,
    "count": 0,
    "lang": "en",
    "updated": 0
  },
  {
    "id": "6764b968-629e-4b7f-96e3-02634a60270f",
    "data": [
      {
        "text": "new order",
        "userDefined": false
      }
    ],
    "isTemplate": false,
    "count": 1,
    "lang": "en",
    "updated": 0
  }
]