[
  {
    "id": "69c69174-c160-4b02-89d3-afe1de387f8e",
    "data": [
      {
        "text": "345",
        "meta": "@sys.number",
        "alias": "number",
        "userDefined": false
      }
    ],
    "isTemplate": false,
    "count": 0,
    "lang": "en",
    "updated": 0
  },
  {
    "id": "1a4e2156-d6aa-485e-ab06-e0dd92f6a131",
    "data": [
      {
        "text": "123",
        "meta": "@sys.number",
        "alias": "number",
        "userDefined": false
      }
    ],
    "isTemplate": false,
    "count": 0,
    "lang": "en",
    "updated": 0
  },
  {
    "id": "e459bcae-fc11-4566-af7f-b570ceb7f528",
    "data": [
      {
        "text": "7890",
        "meta": "@sys.number",
        "alias": "number",
        "userDefined": false
      }
    ],
    "isTemplate": false,
    "count": 0,
    "lang": "en",
    "updated": 0
  },
  {
    "id": "2f736504-e0f6-4ad3-b8ef-f4195ff1a2b5",
    "data": [
      {
        "text": "here is my order id # ",
        "userDefined": false
      },
      {
        "text": "341",
        "meta": "@sys.number",
        "alias": "number",
        "userDefined": false
      }
    ],
    "isTemplate": false,
    "count": 0,
    "lang": "en",
    "updated": 0
  },
  {
    "id": "1d37af59-77ec-44a4-8a7d-55d82565be8b",
    "data": [
      {
        "text": "id is ",
        "userDefined": false
      },
      {
        "text": "453",
        "meta": "@sys.number",
        "alias": "number",
        "userDefined": false
      }
    ],
    "isTemplate": false,
    "count": 0,
    "lang": "en",
    "updated": 0
  },
  {
    "id": "b13dc76c-c16f-45df-aaf9-fadb48c9dd40",
    "data": [
      {
        "text": "here is my order number ",
        "userDefined": false
      },
      {
        "text": "675",
        "meta": "@sys.number",
        "alias": "number",
        "userDefined": false
      }
    ],
    "isTemplate": false,
    "count": 0,
    "lang": "en",
    "updated": 0
  },
  {
    "id": "f8b9f563-7a20-472c-a8f1-5d2f39f1e6c5",
    "data": [
      {
        "text": "here you go: ",
        "userDefined": false
      },
      {
        "text": "123",
        "meta": "@sys.number",
        "alias": "number",
        "userDefined": false
      }
    ],
    "isTemplate": false,
    "count": 0,
    "lang": "en",
    "updated": 0
  },
  {
    "id": "9d151c89-f5a6-46a9-924b-d3e204d859fb",
    "data": [
      {
        "text": "here it is - ",
        "userDefined": false
      },
      {
        "text": "63321",
        "meta": "@sys.number",
        "alias": "number",
        "userDefined": false
      }
    ],
    "isTemplate": false,
    "count": 0,
    "lang": "en",
    "updated": 0
  },
  {
    "id": "11b319d3-3129-4819-aa6e-2a7a47db09bc",
    "data": [
      {
        "text": "how about ",
        "userDefined": false
      },
      {
        "text": "40",
        "meta": "@sys.number",
        "alias": "number",
        "userDefined": false
      },
      {
        "text": "?",
        "userDefined": false
      }
    ],
    "isTemplate": false,
    "count": 0,
    "lang": "en",
    "updated": 0
  },
  {
    "id": "b5cdcd4f-94c2-4073-b55d-761a24b0ad8d",
    "data": [
      {
        "text": "how about ",
        "userDefined": false
      },
      {
        "text": "32",
        "meta": "@sys.number",
        "alias": "number",
        "userDefined": false
      }
    ],
    "isTemplate": false,
    "count": 0,
    "lang": "en",
    "updated": 0
  }
]