[
  {
    "value": "Pav Bhaji",
    "synonyms": [
      "pav bhaji",
      "bhaji pav",
      "mumbai pav bhaji",
      "pavbhaji"
    ]
  },
  {
    "value": "Chole Bhature",
    "synonyms": [
      "Chhole Bhature",
      "chhole bhature",
      "chhole",
      "chhole puri",
      "bhature chhole"
    ]
  },
  {
    "value": "Pizza",
    "synonyms": [
      "Pizza",
      "pizzas",
      "piiza",
      "cheese pizza"
    ]
  },
  {
    "value": "Mango Lassi",
    "synonyms": [
      "Mango lassi",
      "lassi",
      "aam lassi",
      "mango yougart",
      "mango yogurt"
    ]
  },
  {
    "value": "Masala Dosa",
    "synonyms": [
      "Maasala dosa",
      "dosa",
      "masale dosa"
    ]
  },
  {
    "value": "Vegetable Biryani",
    "synonyms": [
      "Veg biryani",
      "vegetable biryani",
      "pulav",
      "vegetable rice"
    ]
  },
  {
    "value": "Vada Pav",
    "synonyms": [
      "Vada Pav",
      "Vada",
      "pav vada",
      "wada pav",
      "vada pao",
      "wada pao"
    ]
  },
  {
    "value": "Rava Dosa",
    "synonyms": [
      "Rava dosa",
      "Suji dosa",
      "Sooji dosa",
      "rawa dosa"
    ]
  },
  {
    "value": "Samosa",
    "synonyms": [
      "Samosa",
      "aloo samosa"
    ]
  }
]